{
    "type": "placebo:basic_trade",
    "input_1": {
        "count": 1,
        "id": "minecraft:diamond_sword"
    },
    "input_2": {
        "count": 45,
        "id": "minecraft:emerald"
    },
    "output": {
        "components": {
            "minecraft:custom_name": "{\"color\":\"#C11101\",\"italic\":false,\"translate\":\"name.apotheosis.arachnids_fear\"}",
            "minecraft:enchantments": {
                "levels": {
                    "minecraft:bane_of_arthropods": 5,
                    "minecraft:fire_aspect": 3,
                    "minecraft:looting": 5,
                    "minecraft:mending": 1,
                    "minecraft:unbreaking": 5
                }
            }
        },
        "count": 1,
        "id": "minecraft:diamond_sword"
    },
    "rare": true,
    "xp": 500
}