{
    "type": "placebo:basic_trade",
    "input_1": {
        "count": 1,
        "id": "minecraft:diamond_axe"
    },
    "input_2": {
        "count": 64,
        "id": "minecraft:emerald"
    },
    "output": {
        "components": {
            "minecraft:custom_name": "{\"color\":\"#9AB091\",\"italic\":false,\"translate\":\"name.apotheosis.bonesplitter\"}",
            "minecraft:enchantments": {
                "levels": {
                    "apothic_enchanting:scavenger": 2,
                    "apothic_spawners:capturing": 2,
                    "minecraft:looting": 5,
                    "minecraft:mending": 1,
                    "minecraft:sharpness": 5,
                    "minecraft:unbreaking": 4
                }
            }
        },
        "count": 1,
        "id": "minecraft:diamond_axe"
    },
    "rare": true,
    "xp": 500
}