{
    "type": "placebo:basic_trade",
    "input_1": {
        "count": 1,
        "id": "minecraft:diamond_sword"
    },
    "input_2": {
        "count": 45,
        "id": "minecraft:emerald"
    },
    "output": {
        "components": {
            "minecraft:custom_name": "{\"color\":\"#ADD8E6\",\"italic\":false,\"translate\":\"name.apotheosis.captive_dreams\"}",
            "minecraft:enchantments": {
                "levels": {
                    "apothic_spawners:capturing": 3,
                    "minecraft:looting": 4,
                    "minecraft:mending": 1,
                    "minecraft:sharpness": 5,
                    "minecraft:unbreaking": 5
                }
            }
        },
        "count": 1,
        "id": "minecraft:diamond_sword"
    },
    "rare": true,
    "xp": 500
}