{
    "type": "placebo:basic_trade",
    "input_1": {
        "count": 64,
        "id": "minecraft:diamond"
    },
    "input_2": {
        "count": 32,
        "id": "minecraft:phantom_membrane"
    },
    "output": {
        "components": {
            "minecraft:custom_name": "{\"color\":\"#1ABBE0\",\"italic\":false,\"translate\":\"name.apotheosis.eternal_vigilance\"}",
            "minecraft:enchantments": {
                "levels": {
                    "apothic_enchanting:life_mending": 3,
                    "apothic_enchanting:scavenger": 3,
                    "minecraft:looting": 5,
                    "minecraft:sharpness": 5,
                    "minecraft:unbreaking": 5
                }
            }
        },
        "count": 1,
        "id": "minecraft:diamond_sword"
    },
    "rare": true,
    "xp": 1000
}