{
    "type": "placebo:basic_trade",
    "input_1": {
        "count": 1,
        "id": "minecraft:diamond_chestplate"
    },
    "input_2": {
        "count": 55,
        "id": "minecraft:emerald"
    },
    "output": {
        "components": {
            "minecraft:custom_name": "{\"color\":\"#1ABBE0\",\"italic\":false,\"translate\":\"name.apotheosis.greatplate_of_eternity\"}",
            "minecraft:enchantments": {
                "levels": {
                    "apothic_enchanting:berserkers_fury": 2,
                    "minecraft:mending": 1,
                    "minecraft:projectile_protection": 5,
                    "minecraft:protection": 5,
                    "minecraft:unbreaking": 5
                }
            }
        },
        "count": 1,
        "id": "minecraft:diamond_chestplate"
    },
    "rare": true,
    "xp": 500
}