{
    "type": "placebo:basic_trade",
    "input_1": {
        "count": 1,
        "id": "minecraft:diamond_leggings"
    },
    "input_2": {
        "count": 55,
        "id": "minecraft:emerald"
    },
    "output": {
        "components": {
            "minecraft:custom_name": "{\"color\":\"#1ABBE0\",\"italic\":false,\"translate\":\"name.apotheosis.thunder_forged_legguards\"}",
            "minecraft:enchantments": {
                "levels": {
                    "apothic_enchanting:rebounding": 3,
                    "minecraft:mending": 1,
                    "minecraft:protection": 5,
                    "minecraft:unbreaking": 5
                }
            }
        },
        "count": 1,
        "id": "minecraft:diamond_leggings"
    },
    "rare": true,
    "xp": 500
}