{
    "type": "placebo:basic_trade",
    "input_1": {
        "count": 1,
        "id": "minecraft:diamond_helmet"
    },
    "input_2": {
        "count": 45,
        "id": "minecraft:emerald"
    },
    "output": {
        "components": {
            "minecraft:custom_name": "{\"color\":\"#1ABBE0\",\"italic\":false,\"translate\":\"name.apotheosis.timeworn_visage\"}",
            "minecraft:enchantments": {
                "levels": {
                    "minecraft:aqua_affinity": 1,
                    "minecraft:mending": 1,
                    "minecraft:protection": 5,
                    "minecraft:respiration": 4,
                    "minecraft:unbreaking": 5
                }
            }
        },
        "count": 1,
        "id": "minecraft:diamond_helmet"
    },
    "rare": true,
    "xp": 500
}