{
    "type": "placebo:basic_trade",
    "input_1": {
        "count": 1,
        "id": "minecraft:diamond_axe"
    },
    "input_2": {
        "count": 45,
        "id": "minecraft:emerald"
    },
    "output": {
        "components": {
            "minecraft:custom_name": "{\"color\":\"#608F07\",\"italic\":false,\"translate\":\"name.apotheosis.treecapitator\"}",
            "minecraft:enchantments": {
                "levels": {
                    "apothic_enchanting:chainsaw": 1,
                    "minecraft:efficiency": 5,
                    "minecraft:mending": 1,
                    "minecraft:silk_touch": 1,
                    "minecraft:unbreaking": 5
                }
            }
        },
        "count": 1,
        "id": "minecraft:diamond_axe"
    },
    "rare": true,
    "xp": 500
}